create table t1(f1 int not null, f2 varchar(100) primary key)engine=innodb;
SELECT name, table_id FROM INFORMATION_SCHEMA.INNODB_SYS_TABLES WHERE
NAME = "test/t1";
name	table_id
test/t1	19
alter table t1 modify f2 varchar(200);
SELECT name, table_id FROM INFORMATION_SCHEMA.INNODB_SYS_TABLES WHERE
NAME = "test/t1";
name	table_id
test/t1	19
show create table t1;
Table	Create Table
t1	CREATE TABLE `t1` (
  `f1` int(11) NOT NULL,
  `f2` varchar(200) NOT NULL,
  PRIMARY KEY (`f2`)
) ENGINE=InnoDB DEFAULT CHARSET=latin1
drop table t1;
create table t1(f1 int not null, f2 varchar(100), index idx(f2))engine=innodb;
SELECT name, table_id FROM INFORMATION_SCHEMA.INNODB_SYS_TABLES WHERE
NAME = "test/t1";
name	table_id
test/t1	20
alter table t1 modify f2 varchar(200);
SELECT name, table_id FROM INFORMATION_SCHEMA.INNODB_SYS_TABLES WHERE
NAME = "test/t1";
name	table_id
test/t1	20
show create table t1;
Table	Create Table
t1	CREATE TABLE `t1` (
  `f1` int(11) NOT NULL,
  `f2` varchar(200) DEFAULT NULL,
  KEY `idx` (`f2`)
) ENGINE=InnoDB DEFAULT CHARSET=latin1
drop table t1;
create table t1(f1 int not null, f2 varchar(100), f3 varchar(100),
index idx(f2, f3), index idx1 (f3, f2))engine=innodb;
SELECT NAME, INDEX_ID FROM INFORMATION_SCHEMA.INNODB_SYS_INDEXES WHERE
NAME="idx" OR NAME="idx1";
NAME	INDEX_ID
idx	25
idx1	26
alter table t1 modify f2 varchar(200), modify f3 varchar(150);
SELECT NAME, INDEX_ID FROM INFORMATION_SCHEMA.INNODB_SYS_INDEXES WHERE
NAME="idx" OR NAME="idx1";
NAME	INDEX_ID
idx	25
idx1	26
show create table t1;
Table	Create Table
t1	CREATE TABLE `t1` (
  `f1` int(11) NOT NULL,
  `f2` varchar(200) DEFAULT NULL,
  `f3` varchar(150) DEFAULT NULL,
  KEY `idx` (`f2`,`f3`),
  KEY `idx1` (`f3`,`f2`)
) ENGINE=InnoDB DEFAULT CHARSET=latin1
drop table t1;
create table t1(f1 int not null, f2 varchar(100), index idx(f2(40)))engine=innodb;
SELECT NAME, INDEX_ID FROM INFORMATION_SCHEMA.INNODB_SYS_INDEXES WHERE
NAME="idx" OR NAME="idx1";
NAME	INDEX_ID
idx	28
alter table t1 modify f2 varchar(200);
SELECT NAME, INDEX_ID FROM INFORMATION_SCHEMA.INNODB_SYS_INDEXES WHERE
NAME="idx" OR NAME="idx1";
NAME	INDEX_ID
idx	28
show create table t1;
Table	Create Table
t1	CREATE TABLE `t1` (
  `f1` int(11) NOT NULL,
  `f2` varchar(200) DEFAULT NULL,
  KEY `idx` (`f2`(40))
) ENGINE=InnoDB DEFAULT CHARSET=latin1
drop table t1;
create table t1(f1 int not null, f2 varchar(100), index idx(f2(100)))engine=innodb;
SELECT NAME, INDEX_ID FROM INFORMATION_SCHEMA.INNODB_SYS_INDEXES WHERE
NAME="idx" OR NAME="idx1";
NAME	INDEX_ID
idx	30
alter table t1 modify f2 varchar(200), add index idx1(f1);
SELECT NAME, INDEX_ID FROM INFORMATION_SCHEMA.INNODB_SYS_INDEXES WHERE
NAME="idx" OR NAME="idx1";
NAME	INDEX_ID
idx	30
idx1	31
show create table t1;
Table	Create Table
t1	CREATE TABLE `t1` (
  `f1` int(11) NOT NULL,
  `f2` varchar(200) DEFAULT NULL,
  KEY `idx` (`f2`),
  KEY `idx1` (`f1`)
) ENGINE=InnoDB DEFAULT CHARSET=latin1
drop table t1;
create table t1(f1 int not null, f2 varchar(100), index idx(f2))engine=innodb;
SELECT name, table_id FROM INFORMATION_SCHEMA.INNODB_SYS_TABLES WHERE
NAME = "test/t1";
name	table_id
test/t1	24
alter table t1 modify f2 varchar(200), add column f3 int;
SELECT name, table_id FROM INFORMATION_SCHEMA.INNODB_SYS_TABLES WHERE
NAME = "test/t1";
name	table_id
test/t1	25
drop table t1;
create table t1(f1 int not null, f2 varchar(100) primary key)engine=innodb;
SELECT name, table_id FROM INFORMATION_SCHEMA.INNODB_SYS_TABLES WHERE
NAME = "test/t1";
name	table_id
test/t1	26
alter table t1 modify f2 varchar(200), add column f3 int;
SELECT name, table_id FROM INFORMATION_SCHEMA.INNODB_SYS_TABLES WHERE
NAME = "test/t1";
name	table_id
test/t1	27
drop table t1;
create table t1(f1 int not null, f2 varchar(100))engine=innodb;
SELECT name, table_id FROM INFORMATION_SCHEMA.INNODB_SYS_TABLES WHERE
NAME = "test/t1";
name	table_id
test/t1	28
alter table t1 modify f2 varchar(200), add fulltext idx(f2);
Warnings:
Warning	124	InnoDB rebuilding table to add column FTS_DOC_ID
SELECT name, table_id FROM INFORMATION_SCHEMA.INNODB_SYS_TABLES WHERE
NAME = "test/t1";
name	table_id
test/t1	29
drop table t1;
create table t1(f1 int not null, f2 char(100) primary key)engine=innodb;
SELECT name, table_id FROM INFORMATION_SCHEMA.INNODB_SYS_TABLES WHERE
NAME = "test/t1";
name	table_id
test/t1	41
alter table t1 modify f2 char(200);
SELECT name, table_id FROM INFORMATION_SCHEMA.INNODB_SYS_TABLES WHERE
NAME = "test/t1";
name	table_id
test/t1	42
show create table t1;
Table	Create Table
t1	CREATE TABLE `t1` (
  `f1` int(11) NOT NULL,
  `f2` char(200) NOT NULL,
  PRIMARY KEY (`f2`)
) ENGINE=InnoDB DEFAULT CHARSET=latin1
drop table t1;
